epoch,iteration,domain,precision,recall,dice
2,360,real,0.07250081449013132,0.2283011375329109,0.10871220553282122
2,360,synthetic,0.793680207533687,0.8633209709754247,0.8267174126807928
4,720,real,0.07206084162037828,0.16879207615939892,0.09921903434505952
4,720,synthetic,0.7959260639717541,0.7878812320701609,0.7917589570981551
6,1080,real,0.06995082573700642,0.18970883515229175,0.1002014636577947
6,1080,synthetic,0.8027876162280493,0.8321094701318541,0.8171009337185933
8,1440,real,0.06706813155524047,0.2131120455182486,0.10023323213634988
8,1440,synthetic,0.842765986432402,0.8754367064502825,0.858728582420827
10,1800,real,0.08366608310763426,0.15884128273517312,0.10710392114859923
10,1800,synthetic,0.832364474510773,0.8537625261186877,0.8428972302870369
12,2160,real,0.07663701418941504,0.1839489136266692,0.1059330796488506
12,2160,synthetic,0.8564930253886707,0.8628683466319355,0.8596428040798135
14,2520,real,0.07815489104728832,0.16425424988380138,0.10369616764078345
14,2520,synthetic,0.7851518620031062,0.7879737854966608,0.7865182549510265
16,2880,real,0.0649498780267629,0.1962194939043726,0.09551302289864168
16,2880,synthetic,0.8178749753970891,0.8423607483010733,0.8299275015203025
18,3240,real,0.07870110458935335,0.16599488941065166,0.10331726031316397
18,3240,synthetic,0.8250132769390064,0.8406278654178314,0.8327207990323338
20,3600,real,0.07309670278876507,0.16388310276798665,0.0984829978466111
20,3600,synthetic,0.8419054980657676,0.8550363495416151,0.8483867102037442
22,3960,real,0.07290088320510416,0.1425377543922715,0.09336031788300693
22,3960,synthetic,0.8131359300004599,0.8651021565198995,0.8382939052908012
24,4320,real,0.07703340574539261,0.19597685709626098,0.10813502818202661
24,4320,synthetic,0.8136961923440522,0.8693321211630144,0.8405799416490937
26,4680,real,0.08625479057867518,0.17593962809373048,0.11273672753248562
26,4680,synthetic,0.8411625785422392,0.8752875443208277,0.8578489710971886
28,5040,real,0.07922598169897235,0.13559455713937016,0.09685584441609828
28,5040,synthetic,0.8442547769929682,0.8680736833059803,0.8559923451553977
30,5400,real,0.08667021607133672,0.158145466966646,0.10946358156556647
30,5400,synthetic,0.8370799255586076,0.8682365735953645,0.8523690045685285
32,5760,real,0.08520563358426732,0.13866892411071058,0.1029043528077226
32,5760,synthetic,0.8515552197363974,0.8888180916626468,0.8697680162337537
34,6120,real,0.0887175938852064,0.15458610812639165,0.10926601812197512
34,6120,synthetic,0.8493328296227906,0.8722394039714312,0.8606252675807101
36,6480,real,0.08121002685613607,0.13565090176561734,0.0988548300261499
36,6480,synthetic,0.8627666756501016,0.8794762966678387,0.8710235966933765
38,6840,real,0.0874357935540744,0.20174538200722694,0.11934911392120211
38,6840,synthetic,0.8774420048935018,0.8795668097055652,0.8784734480606508
40,7200,real,0.09313680612194962,0.1201368515530004,0.10158664470587753
40,7200,synthetic,0.8696301359428048,0.894259986228399,0.8817538941191452
42,7560,real,0.07689181556929647,0.09423819491305042,0.08242676949553066
42,7560,synthetic,0.8355062024779901,0.8797938383208225,0.8570663213710328
44,7920,real,0.08339504994575833,0.159095208357422,0.10571379001677378
44,7920,synthetic,0.8689865874607499,0.9096558335656537,0.8888438045125698
46,8280,real,0.08479753853006615,0.1606031441128743,0.10662656714726958
46,8280,synthetic,0.8564101092339131,0.9041149308670513,0.8795954064781737
48,8640,real,0.084168696809612,0.18280803219137465,0.11233590555362727
48,8640,synthetic,0.8732072749702504,0.8929815631036427,0.8829694247865125
50,9000,real,0.08862028142756663,0.1727191309394764,0.11418116761702812
50,9000,synthetic,0.876678292194683,0.8857663445586479,0.8811712776737128
52,9360,real,0.07836121496526467,0.18347847080858684,0.10691259170453732
52,9360,synthetic,0.8571782326928656,0.8821750217958033,0.8694554810024328
54,9720,real,0.0857136247238878,0.17729358234020953,0.11182540426452135
54,9720,synthetic,0.8378772166857975,0.8643858195017767,0.8509146031635391
56,10080,real,0.08521801478469335,0.17638592438254883,0.1115767261861908
56,10080,synthetic,0.8690859685008694,0.8957028214142788,0.8821751937927078
58,10440,real,0.09308652692487228,0.16784227149793024,0.11624308067292753
58,10440,synthetic,0.8659978867995326,0.8930052764057631,0.8792806223088472
60,10800,real,0.08532572742797045,0.17694177925466825,0.11166454620958985
60,10800,synthetic,0.8611758600356967,0.8837563586037452,0.8723020362076044
62,11160,real,0.08654663087715905,0.1614212375054654,0.10910536075889193
62,11160,synthetic,0.8565854214790145,0.8808095638621594,0.8685104973152376
64,11520,real,0.08276497416210328,0.20383146778813277,0.11472498456886973
64,11520,synthetic,0.8576557072634745,0.8856369997665994,0.8714109989906661
66,11880,real,0.08553980227964032,0.19928498005853212,0.1166128759383855
66,11880,synthetic,0.8672756691989703,0.8763487316078239,0.8717671861093892
68,12240,real,0.08738660463876316,0.18967538773641338,0.11598306479232533
68,12240,synthetic,0.8665010462851821,0.8739602907768571,0.8701907666421738
70,12600,real,0.08251666143073265,0.22980222829072744,0.11854631377464239
70,12600,synthetic,0.8734897236237918,0.8846678759342607,0.879031998093397
72,12960,real,0.08719170944570645,0.1906025426705723,0.11663722229161896
72,12960,synthetic,0.8593832767182252,0.875537716364978,0.8673676398236345
74,13320,real,0.08059042395937348,0.23140529214057806,0.11672846194970347
74,13320,synthetic,0.859683093633436,0.8777332489427928,0.8685967206483491
76,13680,real,0.0849418600128596,0.2104066246202837,0.11763375967391797
76,13680,synthetic,0.8749568327291896,0.8806690812953167,0.8777902424564752
78,14040,real,0.0817810861877759,0.23633488249884768,0.11911377158911976
78,14040,synthetic,0.8764392204370157,0.8803824231587876,0.8783901964680406
80,14400,real,0.08535785136814172,0.22749286267136903,0.12155937037845127
80,14400,synthetic,0.873575381172963,0.8812827151481821,0.8773992524158697
82,14760,real,0.08077855826181908,0.2114221128325917,0.11402455273475443
82,14760,synthetic,0.8544171465107483,0.870244406181721,0.8622295376198552
84,15000,real,0.07938083401633039,0.22621472027833261,0.11469390090395902
84,15000,synthetic,0.8583573749610347,0.8740974785506228,0.8661456715641687
