epoch,iteration,domain,tomogram,precision,recall,dice
2,360,synthetic,tomogram_0_13,0.7924363007483559,0.8329429909744929,0.8121849046107417
2,360,synthetic,tomogram_0_14,0.8023927542354206,0.8463250143015374,0.8237735677542312
2,360,synthetic,tomogram_1_13,0.7895520624205435,0.8849025112680368,0.8345124601065929
2,360,synthetic,tomogram_1_14,0.7905977848531566,0.8472170466478481,0.8179287517573213
2,360,synthetic,tomogram_2_13,0.7679131593569649,0.8672965521563293,0.8145847358616973
2,360,synthetic,tomogram_2_14,0.7661523920659904,0.8860054818423394,0.821731663804367
2,360,synthetic,tomogram_3_13,0.8318814989207707,0.8507235995993566,0.8411970507214303
2,360,synthetic,tomogram_3_14,0.8085157076682928,0.8911545710134573,0.8478261668299604
2,360,real,00004_1,0.08078023677753751,0.275278673368283,0.12490672627958857
2,360,real,00004_2,0.05692701285520854,0.23452216594295222,0.09161560454909774
2,360,real,00012_1,0.06751842684770133,0.22950510780405473,0.10434071394786872
2,360,real,00012_3,0.08477758148007807,0.17389860301635374,0.11398577735473008
4,720,synthetic,tomogram_0_13,0.7963533471379809,0.773626619155502,0.7848254892755205
4,720,synthetic,tomogram_0_14,0.7963979434697239,0.7895119547312067,0.7929399996884714
4,720,synthetic,tomogram_1_13,0.7977853474994894,0.8033881975995956,0.8005769697616623
4,720,synthetic,tomogram_1_14,0.7939898297748852,0.7649397476287968,0.7791941198772429
4,720,synthetic,tomogram_2_13,0.7898617646388687,0.7807328324998429,0.7852707680432256
4,720,synthetic,tomogram_2_14,0.7819493550928643,0.8049751255705293,0.7932951920214115
4,720,synthetic,tomogram_3_13,0.8117237503707873,0.7737931145177828,0.7923047213649285
4,720,synthetic,tomogram_3_14,0.7993471737894333,0.8120822648580313,0.8056643967527789
4,720,real,00004_1,0.07835440782959284,0.21038703724645869,0.11418348144740252
4,720,real,00004_2,0.05481747827109196,0.1758467655884416,0.08358015174260212
4,720,real,00012_1,0.06794404362435999,0.16169852357050313,0.09568305801203064
4,720,real,00012_3,0.08712743675646852,0.12723597823219243,0.10342944617820299
6,1080,synthetic,tomogram_0_13,0.7963822097391342,0.807793205078302,0.8020471224410681
6,1080,synthetic,tomogram_0_14,0.8014534244596441,0.8203199415530874,0.8107769434229269
6,1080,synthetic,tomogram_1_13,0.8018689951623823,0.8444752968890137,0.822620834566854
6,1080,synthetic,tomogram_1_14,0.7959996507873138,0.8157440535907934,0.8057509143994388
6,1080,synthetic,tomogram_2_13,0.7880633131579372,0.8274848749536283,0.8072931243311261
6,1080,synthetic,tomogram_2_14,0.7876022894959546,0.8443595388731608,0.8149939470567525
6,1080,synthetic,tomogram_3_13,0.8281580431760858,0.8336413120896542,0.8308906313428099
6,1080,synthetic,tomogram_3_14,0.8227730038459424,0.8630575380271925,0.8424339521877693
6,1080,real,00004_1,0.07951573085179245,0.25144597441586275,0.12082310495257428
6,1080,real,00004_2,0.055260178960389976,0.20869565217389488,0.08738249151629963
6,1080,real,00012_1,0.06126079878358983,0.16327503553068975,0.08909365517157414
6,1080,real,00012_3,0.0837665943522536,0.13541867848871983,0.10350660299073099
8,1440,synthetic,tomogram_0_13,0.8314560273067485,0.8605939084899332,0.8457740840142769
8,1440,synthetic,tomogram_0_14,0.8472504272845154,0.8787616566383089,0.8627183969371867
8,1440,synthetic,tomogram_1_13,0.8492594245310706,0.8897645306735408,0.8690402579291228
8,1440,synthetic,tomogram_1_14,0.8350757292762562,0.8543988617499851,0.8446267926826606
8,1440,synthetic,tomogram_2_13,0.8337165169302432,0.8712661485833707,0.8520778461959743
8,1440,synthetic,tomogram_2_14,0.8225277963920359,0.8796942920044823,0.8501511200371038
8,1440,synthetic,tomogram_3_13,0.8651459482746577,0.8702336023882157,0.8676823175322568
8,1440,synthetic,tomogram_3_14,0.8576960214636881,0.8987806510744228,0.8777578440380336
8,1440,real,00004_1,0.07442604964341684,0.2754263762790191,0.11718596548244826
8,1440,real,00004_2,0.05009341401797682,0.22280659730235117,0.08179657502104276
8,1440,real,00012_1,0.06084109715102375,0.19362218062375933,0.09258849453593425
8,1440,real,00012_3,0.08291196540854469,0.16059302786786497,0.10936189350597449
10,1800,synthetic,tomogram_0_13,0.8299281021902697,0.8453459717969808,0.837566090183518
10,1800,synthetic,tomogram_0_14,0.8356309450534992,0.8571263155717919,0.8462421515142773
10,1800,synthetic,tomogram_1_13,0.8345937572376606,0.8664943239647915,0.8502449243565243
10,1800,synthetic,tomogram_1_14,0.8291250436649217,0.8391214350426333,0.8340932893907919
10,1800,synthetic,tomogram_2_13,0.8283027804852577,0.8501581811854911,0.8390881902040533
10,1800,synthetic,tomogram_2_14,0.8224556577551423,0.859994894479823,0.8408064839300987
10,1800,synthetic,tomogram_3_13,0.8416941461681862,0.8470559437891927,0.8443665330994304
10,1800,synthetic,tomogram_3_14,0.8371853635312468,0.8648031431187977,0.850770179617601
10,1800,real,00004_1,0.08844035546171711,0.20212927032906838,0.12304372467335305
10,1800,real,00004_2,0.06164606469655668,0.16796379932840894,0.09019043919605067
10,1800,real,00012_1,0.08108222938789234,0.14546045038058109,0.1041239347630048
10,1800,real,00012_3,0.1034956828843711,0.11981161090263427,0.11105758596198859
12,2160,synthetic,tomogram_0_13,0.8430953489737055,0.8463199597389088,0.8447045769263426
12,2160,synthetic,tomogram_0_14,0.8694454568464247,0.8771760781313236,0.8732936594593859
12,2160,synthetic,tomogram_1_13,0.8722481063489858,0.884990022886978,0.8785728681365944
12,2160,synthetic,tomogram_1_14,0.8466459007894098,0.8369707124745526,0.8417805065769715
12,2160,synthetic,tomogram_2_13,0.8443016158733107,0.8506885321251363,0.8474830406846771
12,2160,synthetic,tomogram_2_14,0.8283420570499688,0.8485614058635761,0.8383298335433004
12,2160,synthetic,tomogram_3_13,0.8700456309521813,0.8649588391907753,0.8674947781885513
12,2160,synthetic,tomogram_3_14,0.8778200862753791,0.893281222644233,0.885483169122685
12,2160,real,00004_1,0.08346647532757186,0.24449775757315811,0.12444872948266686
12,2160,real,00004_2,0.0592257542183974,0.19740341188714752,0.09111486532667071
12,2160,real,00012_1,0.07285303720835162,0.16225480031321163,0.10055602679232599
12,2160,real,00012_3,0.09100279000333943,0.13163968473315965,0.10761269699373903
14,2520,synthetic,tomogram_0_13,0.801970970077288,0.7901728448979956,0.7960281941759306
14,2520,synthetic,tomogram_0_14,0.8009090972275036,0.7942297486370161,0.7975554386644612
14,2520,synthetic,tomogram_1_13,0.7869233604139482,0.7962579716382888,0.7915631470790007
14,2520,synthetic,tomogram_1_14,0.7733911782167208,0.7660350873534938,0.7696955573825051
14,2520,synthetic,tomogram_2_13,0.7712265737894973,0.7736614866379067,0.7724421113689872
14,2520,synthetic,tomogram_2_14,0.7786124628788816,0.8009614197659369,0.789628836697033
14,2520,synthetic,tomogram_3_13,0.7792375935790699,0.7764656077011188,0.7778491310476613
14,2520,synthetic,tomogram_3_14,0.7889436598419398,0.8060061173415294,0.7973836231926323
14,2520,real,00004_1,0.08959577620778889,0.21897605420633673,0.12716215554222848
14,2520,real,00004_2,0.060041716585788774,0.18203380529507276,0.09029927571064762
14,2520,real,00012_1,0.07157501302435311,0.13769530047938566,0.09418959392946259
14,2520,real,00012_3,0.0914070583712227,0.11831183955441055,0.10313364538079538
16,2880,synthetic,tomogram_0_13,0.8231728420767997,0.8461352129540813,0.8344960966665727
16,2880,synthetic,tomogram_0_14,0.8243682003540679,0.8470673173017649,0.8355636248799531
16,2880,synthetic,tomogram_1_13,0.8204531267548618,0.8465944971747271,0.8333188474402005
16,2880,synthetic,tomogram_1_14,0.8108509128442639,0.8297515463746662,0.8201923568152536
16,2880,synthetic,tomogram_2_13,0.8038022525683173,0.8356796005331767,0.8194310221405975
16,2880,synthetic,tomogram_2_14,0.816130956905851,0.8491942027178087,0.832334362160969
16,2880,synthetic,tomogram_3_13,0.8236785894443172,0.8386793228879702,0.8311112745910213
16,2880,synthetic,tomogram_3_14,0.820542922228234,0.8457842864643913,0.8329724274678524
16,2880,real,00004_1,0.06977161043695142,0.25282288690590504,0.10936243562763827
16,2880,real,00004_2,0.04945048745480291,0.22141466580140837,0.08084512180247275
16,2880,real,00012_1,0.06297046136145905,0.17070783966730527,0.09200299192987535
16,2880,real,00012_3,0.07760695285383838,0.13993258324287194,0.09984154223458051
18,3240,synthetic,tomogram_0_13,0.8297625323034931,0.8405595477571942,0.8351261439033932
18,3240,synthetic,tomogram_0_14,0.8289118283716593,0.8414087215432996,0.8351135257454939
18,3240,synthetic,tomogram_1_13,0.8285947620777424,0.8502960021380548,0.8393051276523398
18,3240,synthetic,tomogram_1_14,0.8168895447032536,0.8213371483467996,0.8191073091499019
18,3240,synthetic,tomogram_2_13,0.8086450984322872,0.8296705636745905,0.8190229149933412
18,3240,synthetic,tomogram_2_14,0.8215700227362501,0.8509751423492282,0.8360140959327799
18,3240,synthetic,tomogram_3_13,0.8308745393518988,0.8314463364570943,0.8311603395624934
18,3240,synthetic,tomogram_3_14,0.8348578875354662,0.8593294610763897,0.8469169353189264
18,3240,real,00004_1,0.0843711914837703,0.2282516733998041,0.12320190111544016
18,3240,real,00004_2,0.0621775594011821,0.19451676545778307,0.09423330839450543
18,3240,real,00012_1,0.07353888599342516,0.13239859903477072,0.09455729226540911
18,3240,real,00012_3,0.09471678147903598,0.10881251975024894,0.10127653947730135
20,3600,synthetic,tomogram_0_13,0.8495406984866237,0.8464284216478094,0.8479817043940188
20,3600,synthetic,tomogram_0_14,0.8469893684996441,0.8492056599741934,0.8480960663055731
20,3600,synthetic,tomogram_1_13,0.8417633449892207,0.863715238768683,0.8525980160971584
20,3600,synthetic,tomogram_1_14,0.8380662083141441,0.8456778380894318,0.8418548184170227
20,3600,synthetic,tomogram_2_13,0.8372750360234158,0.8511939726418588,0.844177133781092
20,3600,synthetic,tomogram_2_14,0.8364248388096177,0.8663024888810082,0.8511015332154489
20,3600,synthetic,tomogram_3_13,0.8438372164625263,0.8523126496002592,0.8480537577306986
20,3600,synthetic,tomogram_3_14,0.8413472729409482,0.8654545267296769,0.8532306516889412
20,3600,real,00004_1,0.07798736536392895,0.21427551722282598,0.11435446678892569
20,3600,real,00004_2,0.054099422523198895,0.182020739605139,0.08340852226360357
20,3600,real,00012_1,0.07102069856557369,0.14120576179613753,0.09450783683762537
20,3600,real,00012_3,0.089279324702359,0.11803039244784423,0.10166116549629005
22,3960,synthetic,tomogram_0_13,0.806276014347614,0.8511190376680671,0.8280908822453673
22,3960,synthetic,tomogram_0_14,0.8163118381789674,0.8608278367070948,0.8379790476135881
22,3960,synthetic,tomogram_1_13,0.8237386123446364,0.881815164423225,0.8517880934402354
22,3960,synthetic,tomogram_1_14,0.8069257156375018,0.8532809377010676,0.8294561763256086
22,3960,synthetic,tomogram_2_13,0.8013697298234623,0.8609950187189084,0.830113061691325
22,3960,synthetic,tomogram_2_14,0.8023662661971052,0.8682044748803777,0.8339880086204349
22,3960,synthetic,tomogram_3_13,0.8205135556675344,0.8612831578755562,0.8404041946499239
22,3960,synthetic,tomogram_3_14,0.8275857078068577,0.8832916241848994,0.8545317777399261
22,3960,real,00004_1,0.07689697055860728,0.19253661518075732,0.10990079346181152
22,3960,real,00004_2,0.05537300653368906,0.16341781027745747,0.0827176899661705
22,3960,real,00012_1,0.06988782180062823,0.116109395727221,0.0872554209769041
22,3960,real,00012_3,0.08944573392749224,0.09808719638365049,0.09356736712714164
24,4320,synthetic,tomogram_0_13,0.8063629492200648,0.861261672309065,0.8329086692142144
24,4320,synthetic,tomogram_0_14,0.8171707257518858,0.8765299230127412,0.8458101422515386
24,4320,synthetic,tomogram_1_13,0.8201167974085063,0.8766590744423598,0.8474458465354284
24,4320,synthetic,tomogram_1_14,0.8045556061949624,0.8617761181194155,0.8321834086225411
24,4320,synthetic,tomogram_2_13,0.8019022693557092,0.8696180428603217,0.834388522766854
24,4320,synthetic,tomogram_2_14,0.8103904069265488,0.8677778163953269,0.8381028885869428
24,4320,synthetic,tomogram_3_13,0.8225666805245149,0.8654022483450675,0.8434409455823033
24,4320,synthetic,tomogram_3_14,0.8265041033702252,0.8756320738198176,0.8503591096329267
24,4320,real,00004_1,0.0777479343283139,0.2414670668859195,0.11762332965108757
24,4320,real,00004_2,0.05848621528014449,0.22110631551897175,0.09250369838050775
24,4320,real,00012_1,0.07702277873645579,0.1721778305491009,0.10643324656168889
24,4320,real,00012_3,0.09487669463665645,0.14915621543105181,0.11597983813482246
26,4680,synthetic,tomogram_0_13,0.8467104610710904,0.8612049105767403,0.8538961812933165
26,4680,synthetic,tomogram_0_14,0.8391869571718974,0.8605745439006106,0.8497461937570265
26,4680,synthetic,tomogram_1_13,0.8354028210633996,0.8808249428611507,0.8575128052310924
26,4680,synthetic,tomogram_1_14,0.8419370082182228,0.8697692316377832,0.8556268449275269
26,4680,synthetic,tomogram_2_13,0.8362599379130987,0.8777725903383818,0.8565135606230418
26,4680,synthetic,tomogram_2_14,0.840006590122674,0.8860282529412606,0.8624038784574752
26,4680,synthetic,tomogram_3_13,0.8509921667480782,0.8825587717765293,0.8664880676835909
26,4680,synthetic,tomogram_3_14,0.8388046860294529,0.8835671105341646,0.8606042368044384
26,4680,real,00004_1,0.09039318655343193,0.2292435695158355,0.12966003660060266
26,4680,real,00004_2,0.06677828696435026,0.19739818561117403,0.09979626540146594
26,4680,real,00012_1,0.08378231270642741,0.15296095458035178,0.10826430398969444
26,4680,real,00012_3,0.10406537609049124,0.12415580266756089,0.11322630413817966
28,5040,synthetic,tomogram_0_13,0.83899746729912,0.8615950119090864,0.8501461010410309
28,5040,synthetic,tomogram_0_14,0.8380093091547562,0.8614894995485233,0.8495872037845948
28,5040,synthetic,tomogram_1_13,0.8401901691252586,0.8719184675532248,0.855760328548066
28,5040,synthetic,tomogram_1_14,0.839946935902753,0.8645644135327996,0.8520779052341451
28,5040,synthetic,tomogram_2_13,0.8413752915565786,0.8690161749000274,0.8549723871560763
28,5040,synthetic,tomogram_2_14,0.8435137113601446,0.8686455151121155,0.8558951655661756
28,5040,synthetic,tomogram_3_13,0.8600499329037224,0.8757009777069776,0.86780489356693
28,5040,synthetic,tomogram_3_14,0.851955398641412,0.8716594061850877,0.8616947763461629
28,5040,real,00004_1,0.08383452954668229,0.19299702801966287,0.11689285130766684
28,5040,real,00004_2,0.06451799594147878,0.15342429957012546,0.0908371485557977
28,5040,real,00012_1,0.07388239949553195,0.103949422845121,0.08637411105489778
28,5040,real,00012_3,0.09466900181219666,0.09200747812257148,0.09331926674603097
30,5400,synthetic,tomogram_0_13,0.8391103889694043,0.8667129678504126,0.8526883544772643
30,5400,synthetic,tomogram_0_14,0.8357239523672362,0.8646513519287863,0.8499415904570189
30,5400,synthetic,tomogram_1_13,0.8338700717624067,0.869838686915683,0.851474695525877
30,5400,synthetic,tomogram_1_14,0.8320160202226176,0.8639945936601577,0.8477038261750737
30,5400,synthetic,tomogram_2_13,0.8335430632597248,0.8686722503512878,0.8507451704103228
30,5400,synthetic,tomogram_2_14,0.8358441618203551,0.8707488455651042,0.8529395536343243
30,5400,synthetic,tomogram_3_13,0.845073692671931,0.8690197447486374,0.8568794543717301
30,5400,synthetic,tomogram_3_14,0.8414580533951846,0.872254147742847,0.8565793914966172
30,5400,real,00004_1,0.09040677139147339,0.19765121471737776,0.12406535521253464
30,5400,real,00004_2,0.06792125654840667,0.17762108628144563,0.09826612575810292
30,5400,real,00012_1,0.08286767017574344,0.13801439028754356,0.10355690226599847
30,5400,real,00012_3,0.1054851661697236,0.11929517658021725,0.11196594302563005
32,5760,synthetic,tomogram_0_13,0.8450279201314314,0.8806929848283163,0.8624919117627228
32,5760,synthetic,tomogram_0_14,0.8536613638566342,0.8831796345690961,0.8681696621164804
32,5760,synthetic,tomogram_1_13,0.8516998849743734,0.8914028112515588,0.8710991881919286
32,5760,synthetic,tomogram_1_14,0.8405076537380247,0.8832616281038564,0.8613544358803561
32,5760,synthetic,tomogram_2_13,0.8455790661006396,0.8903394969218842,0.867382210613473
32,5760,synthetic,tomogram_2_14,0.8399480468978663,0.8905357320487768,0.864502467954304
32,5760,synthetic,tomogram_3_13,0.8695441479556683,0.8964428955217889,0.8827886667191807
32,5760,synthetic,tomogram_3_14,0.8664736742365413,0.8946895500558968,0.8803555866315842
32,5760,real,00004_1,0.09710565665890115,0.1899515052409696,0.12851353735744828
32,5760,real,00004_2,0.06876671783789495,0.15829867296141195,0.0958814563446351
32,5760,real,00012_1,0.0787637566835278,0.11508537309362231,0.09352176442163802
32,5760,real,00012_3,0.0961864031567455,0.09134014514683854,0.09370065310716913
34,6120,synthetic,tomogram_0_13,0.8480736403425628,0.8668376990456484,0.8573530142707827
34,6120,synthetic,tomogram_0_14,0.8438721085721052,0.8601241307059508,0.8519206170549991
34,6120,synthetic,tomogram_1_13,0.8448419297986303,0.8718869318346874,0.8581514000488198
34,6120,synthetic,tomogram_1_14,0.8481833803697375,0.8690630371919634,0.8584962729885974
34,6120,synthetic,tomogram_2_13,0.8468245121230533,0.8747648576609697,0.8605679575078629
34,6120,synthetic,tomogram_2_14,0.8471637340176678,0.8797733916112614,0.8631606796400889
34,6120,synthetic,tomogram_3_13,0.8618181245928838,0.8790195240472464,0.8703338399036781
34,6120,synthetic,tomogram_3_14,0.8538852071656841,0.8764456596737221,0.8650183592308524
34,6120,real,00004_1,0.09589577185492809,0.21655409727255043,0.13292770686247712
34,6120,real,00004_2,0.06940935532823497,0.17210910722139186,0.09892396674146794
34,6120,real,00012_1,0.08320479828093415,0.12608450293476808,0.10025200114961383
34,6120,real,00012_3,0.10636045007672866,0.10359672507685642,0.10496039773434174
36,6480,synthetic,tomogram_0_13,0.8577165324489787,0.8755320056631262,0.866532709456011
36,6480,synthetic,tomogram_0_14,0.8609975889140659,0.8743571187339882,0.8676259300326192
36,6480,synthetic,tomogram_1_13,0.8596060516915952,0.8800341847188252,0.8697001771362916
36,6480,synthetic,tomogram_1_14,0.8579881958216012,0.8778474706859053,0.8678042306801498
36,6480,synthetic,tomogram_2_13,0.8582823737848064,0.8836530572722057,0.8707829579395788
36,6480,synthetic,tomogram_2_14,0.8578135767933989,0.884638017428174,0.871019320610161
36,6480,synthetic,tomogram_3_13,0.8762492757096293,0.8799043359795671,0.8780730022292742
36,6480,synthetic,tomogram_3_14,0.8734798100367367,0.879844182860918,0.8766504454629259
36,6480,real,00004_1,0.08825232423308928,0.18264113816524666,0.11900253923410163
36,6480,real,00004_2,0.06134452729869683,0.1494410062323211,0.08698308401714226
36,6480,real,00012_1,0.07771564150416121,0.11407034557330997,0.09244731815834009
36,6480,real,00012_3,0.09752761438859714,0.09645111709159178,0.09698637869501582
38,6840,synthetic,tomogram_0_13,0.8740791760198086,0.8676182632500369,0.8708367360972321
38,6840,synthetic,tomogram_0_14,0.8792124108893642,0.8754998655997052,0.8773522108221554
38,6840,synthetic,tomogram_1_13,0.8785749686141576,0.8860827355342991,0.8823128811117028
38,6840,synthetic,tomogram_1_14,0.8735237429872638,0.8645149017450852,0.8689959744329243
38,6840,synthetic,tomogram_2_13,0.8769434352785358,0.872265779748399,0.8745983531268935
38,6840,synthetic,tomogram_2_14,0.8729880022170718,0.8777108094405527,0.8753430355417241
38,6840,synthetic,tomogram_3_13,0.8861256544500847,0.8896974585230082,0.8879079644102179
38,6840,synthetic,tomogram_3_14,0.8780886486917276,0.9031446638034358,0.8904404289423562
38,6840,real,00004_1,0.0907093194231675,0.26290994510270527,0.13488169102904654
38,6840,real,00004_2,0.06450385818787004,0.20722793967133632,0.09838378679590727
38,6840,real,00012_1,0.08577511061577492,0.18371145949026188,0.11694735476400404
38,6840,real,00012_3,0.10875488598948524,0.1531321837646045,0.12718362309585077
40,7200,synthetic,tomogram_0_13,0.8595242934844483,0.8882412106084102,0.8736468332898303
40,7200,synthetic,tomogram_0_14,0.8671671824803483,0.8888285810777905,0.8778642777582241
40,7200,synthetic,tomogram_1_13,0.8676206160619097,0.8954953591247502,0.881337638702005
40,7200,synthetic,tomogram_1_14,0.8652633234724783,0.8887287718209403,0.8768390836365316
40,7200,synthetic,tomogram_2_13,0.8673818706125664,0.8976816431878514,0.882271688010071
40,7200,synthetic,tomogram_2_14,0.8602956143144141,0.8965760656573601,0.8780612334723172
40,7200,synthetic,tomogram_3_13,0.8913806148453147,0.8982285703965406,0.8947914907393498
40,7200,synthetic,tomogram_3_14,0.8784075722709583,0.9002996879535483,0.8892189073448319
40,7200,real,00004_1,0.10262297824495865,0.16832075386575795,0.12750674782232763
40,7200,real,00004_2,0.06620057595580756,0.12761085149100188,0.08717661263016944
40,7200,real,00012_1,0.09006496780016857,0.10056678682243833,0.09502660702945863
40,7200,real,00012_3,0.11365870248686398,0.0840490140328036,0.09663661134155456
42,7560,synthetic,tomogram_0_13,0.8258835941257919,0.8677440790643617,0.846296515041163
42,7560,synthetic,tomogram_0_14,0.8421582229724205,0.8747854765006005,0.8581618402489778
42,7560,synthetic,tomogram_1_13,0.84083813514923,0.8858477944311954,0.8627563296083385
42,7560,synthetic,tomogram_1_14,0.8277683837242826,0.8751095556880901,0.8507809112185416
42,7560,synthetic,tomogram_2_13,0.8295092967051022,0.8781663357329669,0.8531446203327704
42,7560,synthetic,tomogram_2_14,0.8254438334994536,0.880875992190606,0.8522595176873055
42,7560,synthetic,tomogram_3_13,0.8444717392927312,0.884224064075455,0.8638908382370273
42,7560,synthetic,tomogram_3_14,0.8479764143549091,0.8915974088833041,0.8692399985941381
42,7560,real,00004_1,0.08734063906551412,0.12813752809599033,0.10387700749088669
42,7560,real,00004_2,0.055058641054025,0.10154218693517228,0.07140159977557747
42,7560,real,00012_1,0.07375670093266684,0.07913521927718682,0.07635135582648415
42,7560,real,00012_3,0.09141128122498002,0.06813784534385241,0.07807711488917451
44,7920,synthetic,tomogram_0_13,0.8659660944901066,0.8985537689066859,0.8819590122964925
44,7920,synthetic,tomogram_0_14,0.8696527707983472,0.900549662620843,0.884831581467244
44,7920,synthetic,tomogram_1_13,0.8684224335945517,0.9132846579516989,0.8902887449751097
44,7920,synthetic,tomogram_1_14,0.860223300882537,0.9040817691516456,0.8816074010514344
44,7920,synthetic,tomogram_2_13,0.866619201548121,0.9125644155411379,0.8889985694127635
44,7920,synthetic,tomogram_2_14,0.859559860927632,0.9105179705916159,0.8843054087651046
44,7920,synthetic,tomogram_3_13,0.885935805974758,0.9214062289955636,0.9033229508533526
44,7920,synthetic,tomogram_3_14,0.8755132314699452,0.9162881947660384,0.8954367672790574
44,7920,real,00004_1,0.08407958996584841,0.21714552691930558,0.12122167669872115
44,7920,real,00004_2,0.05754992944219964,0.1636904476740752,0.08515962444824561
44,7920,real,00012_1,0.08387377729378262,0.14060308920595208,0.10507017827506794
44,7920,real,00012_3,0.1080769030812027,0.11494176963035531,0.1114036806450605
46,8280,synthetic,tomogram_0_13,0.8529335974506639,0.895119141791498,0.8735173403133886
46,8280,synthetic,tomogram_0_14,0.861705645563696,0.8926248716304857,0.8768927904016169
46,8280,synthetic,tomogram_1_13,0.8551436280428086,0.9045327076646064,0.8791450627819422
46,8280,synthetic,tomogram_1_14,0.8502979675236021,0.9007844578154444,0.8748134097788355
46,8280,synthetic,tomogram_2_13,0.8545918676523411,0.9065770748573553,0.8798172360104266
46,8280,synthetic,tomogram_2_14,0.8435665667539961,0.9066456852961133,0.8739694138373215
46,8280,synthetic,tomogram_3_13,0.8687800214076458,0.9152005072117358,0.8913863167139299
46,8280,synthetic,tomogram_3_14,0.8642615794765519,0.9114350006691714,0.8872216819879281
46,8280,real,00004_1,0.08691814434755445,0.22765962574923831,0.12580515277283583
46,8280,real,00004_2,0.0584695347120753,0.16712759517264855,0.0866311795038004
46,8280,real,00012_1,0.08529173133449054,0.13999852290770634,0.10600295554935826
46,8280,real,00012_3,0.1085107437261444,0.10762683262190412,0.10806698076308396
48,8640,synthetic,tomogram_0_13,0.8658553897403548,0.884267527805986,0.874964606482183
48,8640,synthetic,tomogram_0_14,0.8731636796274703,0.8841879811701479,0.8786412513139238
48,8640,synthetic,tomogram_1_13,0.8721132449893746,0.8966889860713909,0.8842303878370532
48,8640,synthetic,tomogram_1_14,0.87013580524797,0.8864729452824487,0.8782284044081742
48,8640,synthetic,tomogram_2_13,0.8708993987390946,0.8928458068927227,0.8817360624501835
48,8640,synthetic,tomogram_2_14,0.8610842430103564,0.8962225143846355,0.8783020746038945
48,8640,synthetic,tomogram_3_13,0.8889000859537649,0.9025864196414399,0.8956909733834887
48,8640,synthetic,tomogram_3_14,0.8835063524536173,0.9005803235803698,0.8919616378131994
48,8640,real,00004_1,0.08745604374807171,0.23989301118029213,0.1281817886123515
48,8640,real,00004_2,0.058381536497875974,0.18629931753544626,0.08890307702411253
48,8640,real,00012_1,0.08617693975272309,0.1702623448461234,0.11443401003800602
48,8640,real,00012_3,0.10466026723977741,0.13477745520363696,0.11782474654003915
50,9000,synthetic,tomogram_0_13,0.8621815950154751,0.8797135737909433,0.8708593557068767
50,9000,synthetic,tomogram_0_14,0.8736767147999934,0.87987511113865,0.8767649580272998
50,9000,synthetic,tomogram_1_13,0.8794629020718415,0.8926090524856145,0.8859872147918952
50,9000,synthetic,tomogram_1_14,0.8710982559291621,0.8776728764871233,0.8743732073480609
50,9000,synthetic,tomogram_2_13,0.8699476680933502,0.8803014000460538,0.8750939099238877
50,9000,synthetic,tomogram_2_14,0.8646807688006745,0.889859789954483,0.8770896101125965
50,9000,synthetic,tomogram_3_13,0.9012524896503827,0.8906344362381868,0.8959120036326966
50,9000,synthetic,tomogram_3_14,0.8911259431965843,0.8954645163281286,0.8932899618463892
50,9000,real,00004_1,0.09873864483654243,0.23651623835911112,0.1393166455015445
50,9000,real,00004_2,0.061577229504934154,0.17366479536950438,0.09091740276511613
50,9000,real,00012_1,0.08851179362696099,0.16085392977561638,0.11418946952384458
50,9000,real,00012_3,0.10565345774182915,0.11984156025367408,0.11230115267760747
52,9360,synthetic,tomogram_0_13,0.8442746304305142,0.8812888022478773,0.8623847303781528
52,9360,synthetic,tomogram_0_14,0.8618364805527614,0.8795901136543474,0.870622799034513
52,9360,synthetic,tomogram_1_13,0.8613136227400996,0.8870035785155912,0.8739698551795729
52,9360,synthetic,tomogram_1_14,0.8496349713675085,0.8767556054726269,0.8629822633942911
52,9360,synthetic,tomogram_2_13,0.8473775389169057,0.8800426530724693,0.8634012511381367
52,9360,synthetic,tomogram_2_14,0.8479107275063857,0.8908005958835976,0.86882666623017
52,9360,synthetic,tomogram_3_13,0.8718041123190637,0.8785139172287774,0.8751461538306045
52,9360,synthetic,tomogram_3_14,0.8732737777096858,0.8834049082911393,0.878310128834021
52,9360,real,00004_1,0.08003754654848573,0.2410826685157192,0.12017720715279195
52,9360,real,00004_2,0.053066273997574805,0.18341615529006414,0.0823165761745922
52,9360,real,00012_1,0.07975149912715553,0.17181660573660168,0.1089377517857791
52,9360,real,00012_3,0.10058954018784276,0.13759845369196255,0.11621883170498619
54,9720,synthetic,tomogram_0_13,0.8310534470410874,0.854615126531632,0.8426696183725569
54,9720,synthetic,tomogram_0_14,0.8428319847868636,0.857474033179605,0.850089964572737
54,9720,synthetic,tomogram_1_13,0.8424997180745531,0.8717260996701466,0.8568637639311381
54,9720,synthetic,tomogram_1_14,0.8323060309652951,0.8549391482755693,0.8434707865495202
54,9720,synthetic,tomogram_2_13,0.8296408680472938,0.8612449265101655,0.8451475442411267
54,9720,synthetic,tomogram_2_14,0.8320540752683873,0.866429527643411,0.848893940657019
54,9720,synthetic,tomogram_3_13,0.8432682395670733,0.8748021211408106,0.8587457900851123
54,9720,synthetic,tomogram_3_14,0.8493633697358262,0.8738555730628743,0.8614354168991022
54,9720,real,00004_1,0.08383950261541234,0.22674312609810152,0.12241528763067876
54,9720,real,00004_2,0.05562214487973189,0.1796732706470409,0.08494693930666793
54,9720,real,00012_1,0.09142755749374155,0.17246520074724903,0.11950363596252357
54,9720,real,00012_3,0.1119652939066656,0.1302927318684467,0.12043575415821534
56,10080,synthetic,tomogram_0_13,0.8544265511036191,0.8849674686580917,0.869428885570184
56,10080,synthetic,tomogram_0_14,0.8760545727729842,0.8965555624478458,0.8861865162805717
56,10080,synthetic,tomogram_1_13,0.8797191525919176,0.9122487095977453,0.8956886768937593
56,10080,synthetic,tomogram_1_14,0.8512498643143185,0.8787326024697802,0.8647729361228507
56,10080,synthetic,tomogram_2_13,0.8564492222505683,0.8854490184087315,0.8707077204138612
56,10080,synthetic,tomogram_2_14,0.859012263686336,0.8990796880598066,0.8785894017745637
56,10080,synthetic,tomogram_3_13,0.8778162129051307,0.8971210506989418,0.8873636487218207
56,10080,synthetic,tomogram_3_14,0.8979599083820808,0.9114684709732878,0.9046637645640511
56,10080,real,00004_1,0.08760635633296618,0.23172114679257683,0.12714373273268004
56,10080,real,00004_2,0.05713475394586684,0.17933617584675,0.08666036277340913
56,10080,real,00012_1,0.08962008490331574,0.16814849322383116,0.11692256945027013
56,10080,real,00012_3,0.10651086395662489,0.12633788166703747,0.11558023978840408
58,10440,synthetic,tomogram_0_13,0.852221083901366,0.8808874931849449,0.8663172107766269
58,10440,synthetic,tomogram_0_14,0.8672790642106397,0.8893503297975418,0.878176039195486
58,10440,synthetic,tomogram_1_13,0.8710631280143654,0.905289564909504,0.8878466121171721
58,10440,synthetic,tomogram_1_14,0.858786543839042,0.8845932346050146,0.8714988851457722
58,10440,synthetic,tomogram_2_13,0.8598293259034047,0.8877745269228727,0.873578496412468
58,10440,synthetic,tomogram_2_14,0.852267321432363,0.8910630627606373,0.871233515588462
58,10440,synthetic,tomogram_3_13,0.8773862685444881,0.9003713802462425,0.8887302340179587
58,10440,synthetic,tomogram_3_14,0.8891503585505921,0.9047126188193467,0.8968639852168317
58,10440,real,00004_1,0.09588093868349438,0.22134548081622105,0.13380230125522513
58,10440,real,00004_2,0.06195679600762391,0.16939144371517065,0.09072860149074803
58,10440,real,00012_1,0.09794476434989625,0.1580337250468381,0.12093653646857035
58,10440,real,00012_3,0.11656360865847472,0.12259843641349139,0.11950488347716677
60,10800,synthetic,tomogram_0_13,0.8483109968145233,0.8734614678222123,0.8607025419048838
60,10800,synthetic,tomogram_0_14,0.8571177682552727,0.8712169771657096,0.8641098642641596
60,10800,synthetic,tomogram_1_13,0.8585137787763145,0.8868553606384654,0.872454462148963
60,10800,synthetic,tomogram_1_14,0.8583094870669511,0.8788046985817151,0.8684361872159092
60,10800,synthetic,tomogram_2_13,0.8600433221574733,0.8840893914543683,0.8719005972154611
60,10800,synthetic,tomogram_2_14,0.848616084583914,0.8869954254059683,0.8673814164279701
60,10800,synthetic,tomogram_3_13,0.8784385117247658,0.8955239751929842,0.8868989663351825
60,10800,synthetic,tomogram_3_14,0.8800569309063583,0.8931035725685387,0.8865322541483054
60,10800,real,00004_1,0.08624683982501528,0.23041654074837603,0.1255130823587826
60,10800,real,00004_2,0.05718183387343768,0.1791968084874566,0.08669820615972171
60,10800,real,00012_1,0.08980841080215737,0.17182702113093323,0.1179619410614401
60,10800,real,00012_3,0.10806582521127178,0.12632674665190727,0.11648495525841505
62,11160,synthetic,tomogram_0_13,0.8480726071675283,0.8689013676323318,0.8583606496484942
62,11160,synthetic,tomogram_0_14,0.8609199072538936,0.8743274817525493,0.8675718969742131
62,11160,synthetic,tomogram_1_13,0.8578120470663291,0.8912175389051515,0.8741957798329772
62,11160,synthetic,tomogram_1_14,0.8468495900383726,0.8648562724919575,0.8557582185519349
62,11160,synthetic,tomogram_2_13,0.8495131149650931,0.8695505436498214,0.859415051040904
62,11160,synthetic,tomogram_2_14,0.8486752841949889,0.8875790846256866,0.8676913307373014
62,11160,synthetic,tomogram_3_13,0.8642824383492291,0.8847497346565616,0.874396331639435
62,11160,synthetic,tomogram_3_14,0.8765583827966813,0.905294487183215,0.8906947200966407
62,11160,real,00004_1,0.08681863023381677,0.21009966547452436,0.12286588891779707
62,11160,real,00004_2,0.05504867571722909,0.16032821013112203,0.08195731508576336
62,11160,real,00012_1,0.09373632804571412,0.15742442447844165,0.11750552064379356
62,11160,real,00012_3,0.11058288951187649,0.11783264993777377,0.11409271838821392
64,11520,synthetic,tomogram_0_13,0.8553693762848085,0.8822855671906745,0.868619006491059
64,11520,synthetic,tomogram_0_14,0.8527371183979702,0.8768600652013289,0.8646303686526661
64,11520,synthetic,tomogram_1_13,0.8490174620472661,0.8850530943240529,0.8666608508623834
64,11520,synthetic,tomogram_1_14,0.8507253174423027,0.8759764462870177,0.8631662467639942
64,11520,synthetic,tomogram_2_13,0.8571516603795288,0.8830061898382444,0.8698868572762334
64,11520,synthetic,tomogram_2_14,0.8550650059136982,0.8941551382983645,0.8741732950500082
64,11520,synthetic,tomogram_3_13,0.8693885566715037,0.888216752840349,0.8787018070374272
64,11520,synthetic,tomogram_3_14,0.8717911609707183,0.8995427441527637,0.8854495597915574
64,11520,real,00004_1,0.08360808581622468,0.26207811197362224,0.1267730642214742
64,11520,real,00004_2,0.055862354028968664,0.20518620785768807,0.08781649285763488
64,11520,real,00012_1,0.08549948720898333,0.1942224860788694,0.11873163033287074
64,11520,real,00012_3,0.10608996959423664,0.15383906524235152,0.12557875086349926
66,11880,synthetic,tomogram_0_13,0.8538478345506555,0.8745656100548211,0.8640825546091865
66,11880,synthetic,tomogram_0_14,0.8609159956695593,0.8717476859031053,0.8662979838080382
66,11880,synthetic,tomogram_1_13,0.863962416610626,0.8792063721072184,0.8715177404064518
66,11880,synthetic,tomogram_1_14,0.8641706918706957,0.8621852418389493,0.8631768251401414
66,11880,synthetic,tomogram_2_13,0.8658755685301844,0.8713673973991212,0.8686128024907878
66,11880,synthetic,tomogram_2_14,0.8596899342727052,0.8805044637345225,0.8699727173258159
66,11880,synthetic,tomogram_3_13,0.8766785041061241,0.8761965526441278,0.8764374621190597
66,11880,synthetic,tomogram_3_14,0.8930644079812119,0.8950165291807255,0.8940394029756322
66,11880,real,00004_1,0.08654967251308476,0.26029702499144003,0.12990535836856557
66,11880,real,00004_2,0.05662401124027643,0.19524757304807783,0.08778839266166662
66,11880,real,00012_1,0.08847497451384113,0.18871463618553277,0.12047004636845524
66,11880,real,00012_3,0.1105105508513591,0.152880686009078,0.12828770635485476
68,12240,synthetic,tomogram_0_13,0.8522705897106007,0.8649002078129862,0.8585389539778377
68,12240,synthetic,tomogram_0_14,0.8612153066665085,0.8621890701569084,0.861701913312217
68,12240,synthetic,tomogram_1_13,0.8619548142100171,0.8790124274382134,0.870400057457131
68,12240,synthetic,tomogram_1_14,0.868782539533613,0.8691108117239684,0.8689466446249805
68,12240,synthetic,tomogram_2_13,0.8722647527399763,0.8763896600851554,0.8743223412829892
68,12240,synthetic,tomogram_2_14,0.8497309014538365,0.8747709407219307,0.8620691284242826
68,12240,synthetic,tomogram_3_13,0.882585083272813,0.8803698152727607,0.8814760574583066
68,12240,synthetic,tomogram_3_14,0.883204382694092,0.8849393930029338,0.8840710365996458
68,12240,real,00004_1,0.08377430806473203,0.2424422768990644,0.12452116127149906
68,12240,real,00004_2,0.056493539527923645,0.1847505977552984,0.08652823910778083
68,12240,real,00012_1,0.09401490245278896,0.18972729657076975,0.12572816691430017
68,12240,real,00012_3,0.11526366850960817,0.14178137972052102,0.12715469187572145
70,12600,synthetic,tomogram_0_13,0.8642205705351408,0.8813231485190292,0.8726880752682027
70,12600,synthetic,tomogram_0_14,0.8641943088465882,0.868397673152311,0.8662908922019051
70,12600,synthetic,tomogram_1_13,0.868847022752251,0.8820303957022428,0.8753890765914877
70,12600,synthetic,tomogram_1_14,0.8672803192045935,0.8771890507720906,0.8722065437773336
70,12600,synthetic,tomogram_2_13,0.8734345879852304,0.8865081131639624,0.8799227930106237
70,12600,synthetic,tomogram_2_14,0.8705010209991316,0.8915376604013117,0.8808937645133852
70,12600,synthetic,tomogram_3_13,0.8833207816400009,0.8942539390180204,0.8887537375707482
70,12600,synthetic,tomogram_3_14,0.8961191770273982,0.8961030267451169,0.8961111018134899
70,12600,real,00004_1,0.0819442236643274,0.2899068235654562,0.12777261093677877
70,12600,real,00004_2,0.05620904556943749,0.23276962139983776,0.09055172406782042
70,12600,real,00012_1,0.0853131785124661,0.22013693402982873,0.1229698780842535
70,12600,real,00012_3,0.10660019797669977,0.17639553416778714,0.13289104200971702
72,12960,synthetic,tomogram_0_13,0.8511891473955673,0.8684711353936925,0.8597433024090011
72,12960,synthetic,tomogram_0_14,0.8562277812826303,0.8662035026776369,0.8611867540302115
72,12960,synthetic,tomogram_1_13,0.8583894205854893,0.8749853161809871,0.8666079211221311
72,12960,synthetic,tomogram_1_14,0.8579127430881819,0.8728094291290119,0.8652969766696119
72,12960,synthetic,tomogram_2_13,0.8553619438451363,0.877145008393135,0.8661165352830573
72,12960,synthetic,tomogram_2_14,0.8496581298446051,0.880029866093848,0.8645773480401758
72,12960,synthetic,tomogram_3_13,0.86152437944118,0.8781166547285517,0.8697413905312251
72,12960,synthetic,tomogram_3_14,0.8848026682630118,0.886540818322961,0.885670890503662
72,12960,real,00004_1,0.08719241223509291,0.2357332275310664,0.12729957749580745
72,12960,real,00004_2,0.05733571899600545,0.1933486927777053,0.0884441616366197
72,12960,real,00012_1,0.09117029881853984,0.18275750405489372,0.12165290329228652
72,12960,real,00012_3,0.11306840773318774,0.15057074631862383,0.12915224674176237
74,13320,synthetic,tomogram_0_13,0.8494553956061648,0.8722391021089018,0.86069649700153
74,13320,synthetic,tomogram_0_14,0.861321200239264,0.8717697413311528,0.8665139744544821
74,13320,synthetic,tomogram_1_13,0.8706400221099704,0.8866456481101916,0.878569944268256
74,13320,synthetic,tomogram_1_14,0.8507028377194085,0.8715351520662598,0.8609930003079915
74,13320,synthetic,tomogram_2_13,0.8563679790911776,0.8804564875177986,0.8682451881455284
74,13320,synthetic,tomogram_2_14,0.8495062253516238,0.8808448317394506,0.864891739817722
74,13320,synthetic,tomogram_3_13,0.8612960847930831,0.8745453049790485,0.8678701309818488
74,13320,synthetic,tomogram_3_14,0.8781750041567956,0.8838297236895387,0.880993290209434
74,13320,real,00004_1,0.08153672816836152,0.29808486799127765,0.12804785132553947
74,13320,real,00004_2,0.0543361873946264,0.2309534904990457,0.08797466653438682
74,13320,real,00012_1,0.08202071665227151,0.2190134917230651,0.11934619420557438
74,13320,real,00012_3,0.10446806362223457,0.17756931834892384,0.13154513573331342
76,13680,synthetic,tomogram_0_13,0.8674216064009119,0.8769521335903322,0.8721608345920769
76,13680,synthetic,tomogram_0_14,0.8746298389579601,0.875138018733299,0.8748838550510736
76,13680,synthetic,tomogram_1_13,0.8779983550899924,0.8879259982828102,0.8829342711594245
76,13680,synthetic,tomogram_1_14,0.865368732682309,0.8719121365551721,0.8686281118749052
76,13680,synthetic,tomogram_2_13,0.8702581755866342,0.8810414806754678,0.8756166300235133
76,13680,synthetic,tomogram_2_14,0.8717022322443184,0.886273941113832,0.8789276948766732
76,13680,synthetic,tomogram_3_13,0.873825651081877,0.8761644506239076,0.8749934879916818
76,13680,synthetic,tomogram_3_14,0.8984500697895135,0.8899444907877133,0.8941770540824533
76,13680,real,00004_1,0.087903637378578,0.2814438793829429,0.13396565344541067
76,13680,real,00004_2,0.05728786410768028,0.21146906262383344,0.0901529204839815
76,13680,real,00012_1,0.08581380561561347,0.1959599632241802,0.11935866324110225
76,13680,real,00012_3,0.10876213294956683,0.15275359325017834,0.1270578015251776
78,14040,synthetic,tomogram_0_13,0.8655611020190047,0.8767131558510544,0.871101437566661
78,14040,synthetic,tomogram_0_14,0.8724812742500753,0.8694625367877348,0.8709692898272251
78,14040,synthetic,tomogram_1_13,0.8789532964668572,0.8859431899797711,0.8824344014451427
78,14040,synthetic,tomogram_1_14,0.8680826341690903,0.873486090227774,0.8707759797163144
78,14040,synthetic,tomogram_2_13,0.8737470477155419,0.8808229118033716,0.8772707119178361
78,14040,synthetic,tomogram_2_14,0.8673852853923412,0.8827060694565398,0.8749786162325515
78,14040,synthetic,tomogram_3_13,0.8860414570334301,0.8833553031532443,0.8846963411434446
78,14040,synthetic,tomogram_3_14,0.8992616664497857,0.8905701280108108,0.8948947938951497
78,14040,real,00004_1,0.08436860079985563,0.303509705440825,0.1320346550205344
78,14040,real,00004_2,0.05422428413189341,0.2264214381840236,0.0874949405701033
78,14040,real,00012_1,0.08496632817757122,0.23055753605855767,0.1241720801055055
78,14040,real,00012_3,0.10356513164178344,0.1848508503119845,0.13275341066033583
80,14400,synthetic,tomogram_0_13,0.8592005487857237,0.8703442725604071,0.8647365103084048
80,14400,synthetic,tomogram_0_14,0.8751111525920946,0.8821237309513167,0.8786034492611697
80,14400,synthetic,tomogram_1_13,0.8845975957183979,0.8971872504242818,0.8908479453651913
80,14400,synthetic,tomogram_1_14,0.8655448612756155,0.8705032221749512,0.8680169608894924
80,14400,synthetic,tomogram_2_13,0.8639344028564997,0.8764547486095664,0.8701495400990071
80,14400,synthetic,tomogram_2_14,0.8638696276383504,0.8812331389000023,0.8724650011004255
80,14400,synthetic,tomogram_3_13,0.8792258809703,0.8797057047294543,0.8794657274036591
80,14400,synthetic,tomogram_3_14,0.8971189795467219,0.8927096528354773,0.8949088848996075
80,14400,real,00004_1,0.08610191924641625,0.2851222380637023,0.13226279289044107
80,14400,real,00004_2,0.058807602982794714,0.22722192945396505,0.09343354794503778
80,14400,real,00012_1,0.08855194176530594,0.22032251741973657,0.12632955656880615
80,14400,real,00012_3,0.10796994147805018,0.1773047657480723,0.13421158410952033
82,14760,synthetic,tomogram_0_13,0.8527196025792798,0.8641655591500322,0.8584044274911107
82,14760,synthetic,tomogram_0_14,0.8701558220258018,0.8651114143732169,0.8676262861736311
82,14760,synthetic,tomogram_1_13,0.8552351393585959,0.8685504528134301,0.8618413692806128
82,14760,synthetic,tomogram_1_14,0.8431423544709756,0.8616927298453703,0.8523166184882836
82,14760,synthetic,tomogram_2_13,0.8428763285355823,0.8664254909160635,0.8544886905546644
82,14760,synthetic,tomogram_2_14,0.8449602278374109,0.8761372066572055,0.860266338112679
82,14760,synthetic,tomogram_3_13,0.8539868565812494,0.8736946014432118,0.8637283254190392
82,14760,synthetic,tomogram_3_14,0.8722608406970909,0.8861777942552378,0.8791642454388212
82,14760,real,00004_1,0.08344950765905382,0.2807424450578989,0.12865643320399536
82,14760,real,00004_2,0.05436260073505685,0.21034367119753927,0.08639635873357494
82,14760,real,00012_1,0.0829306053142206,0.1954737536797022,0.11645476223347796
82,14760,real,00012_3,0.10237151933894513,0.15912858139522665,0.12459065676796968
84,15000,synthetic,tomogram_0_13,0.8622978850021458,0.8759069223282261,0.8690491286149267
84,15000,synthetic,tomogram_0_14,0.8624897695810437,0.8650631681243628,0.863774552158888
84,15000,synthetic,tomogram_1_13,0.8545312166628386,0.871509291605202,0.862936752319501
84,15000,synthetic,tomogram_1_14,0.8504610089062563,0.8661930907602435,0.8582549623930636
84,15000,synthetic,tomogram_2_13,0.8504913764028855,0.8713569510927343,0.8607977379180242
84,15000,synthetic,tomogram_2_14,0.8566302348179217,0.8800646219816752,0.868189320457119
84,15000,synthetic,tomogram_3_13,0.8581483327379712,0.8774786270766741,0.8677058357280513
84,15000,synthetic,tomogram_3_14,0.8718091755772145,0.8852071554358644,0.8784570829237757
84,15000,real,00004_1,0.08151999077190124,0.2978636226270787,0.12800679265136555
84,15000,real,00004_2,0.05297597778900266,0.22470809071071043,0.0857386661526251
84,15000,real,00012_1,0.08114208058955362,0.2105940656870415,0.11714722956173211
84,15000,real,00012_3,0.10188528691486426,0.1716931020884999,0.12788291525011342
